date,a2c,ddpg,td3,ppo,sac,dji
2021-01-03,1000000.0,1000000.0,1000000.0,1000000.0,1000000.0,1000000.0
2021-01-04,1004531.8062000003,1005641.6063000001,994072.5008000002,1002813.2119000001,996652.4033,1005548.8880123289
2021-01-05,1003527.2816000005,1004635.9720000002,993078.4301000002,1001810.4116000002,995655.7552000001,1020034.1436229307
2021-01-06,1003527.2816000005,1004635.9720000002,993078.4301000002,1001810.4116000002,995655.7552000001,1027039.5444621883
2021-01-07,990359.4643000007,994288.4442000003,994664.8599000005,995044.6168000002,977901.7110000002,1028920.1707672273
2021-01-10,989369.1123000007,993294.1603000002,993670.2112000007,994049.5870000003,976923.8262000002,1025966.1748337536
2021-01-11,998566.1375000008,1000169.7684000004,993128.1480000009,993858.4417000004,1007846.3847000004,1027951.3593602743
2021-01-12,997567.5773000007,999169.6086000003,992135.0342000008,992864.5945000005,1006838.5447000004,1027679.430438152
2021-01-13,997567.5773000007,999169.6086000003,992135.0342000008,992864.5945000005,1006838.5447000004,1025398.0837799568
2021-01-14,997567.5773000007,999169.6086000003,992135.0342000008,992864.5945000005,1006838.5447000004,1019533.1947150666
2021-01-17,997567.5773000007,999169.6086000003,992135.0342000008,992864.5945000005,1006838.5447000004,1023379.812844661
2021-01-18,997567.5773000007,999169.6086000003,992135.0342000008,992864.5945000005,1006838.5447000004,1031911.5181543574
2021-01-19,986226.9180000008,989678.0475000002,991188.8920000009,981481.8248000006,992881.6154000007,1031502.2030895469
2021-01-20,985240.7028000008,988688.3798000002,990197.704800001,980500.3460000006,991888.7372000007,1025578.7665903784
2021-01-21,985240.7028000008,988688.3798000002,990197.704800001,980500.3460000006,991888.7372000007,1024355.215684612
2021-01-24,978609.548100001,968337.0953000005,988322.3104000012,980557.6275000006,987210.3535000008,1023595.520720622
2021-01-25,977630.940300001,967368.7744000005,987334.0022000013,979577.0722000006,986223.1573000008,1002623.067223828
2021-01-26,977630.940300001,967368.7744000005,987334.0022000013,979577.0722000006,986223.1573000008,1012555.2581799683
2021-01-27,978231.488900001,972801.4802000008,989151.0615000013,979699.3852000007,978605.629000001,992017.193042135
2021-01-28,977253.2603000011,971828.6869000007,988161.9174000015,978719.6973000007,977627.033000001,999603.6093136172
2021-01-31,979215.1927000011,955310.0315000006,979413.8480000015,979328.8632000007,974604.0836000012,1015338.5230744098
2021-02-01,936813.7344000012,945398.8315000007,982065.1480000016,971362.0353000007,949145.3862000013,1016533.5757257425
2021-02-02,944620.7344000012,939078.2315000007,975912.0480000015,972834.4879000006,935126.9337000013,1027526.858150811
2021-02-03,985141.7344000012,943369.2315000007,983069.9480000015,983338.9688000006,933577.6337000013,1030583.4090271097
2021-02-04,1034485.7344000012,957110.2315000006,987399.5480000015,1012033.5282000008,944298.7337000013,1038442.077330175
2021-02-07,985619.2344000012,946730.6315000006,984069.5480000015,1004908.3282000007,906885.0337000012,1038113.5396305386
2021-02-08,935259.2344000012,933668.4315000006,980408.7480000014,981511.8282000008,869127.9337000012,1040163.9276462278
2021-02-09,934323.9814000012,932734.7655000007,979428.3446000016,980530.3284000008,868258.8155000012,1039928.9624464089
2021-02-10,943477.3952000014,935643.7628000007,980497.6964000019,986608.188700001,881679.8351000013,1040845.4947426213
2021-02-11,1032846.2386000012,924687.5628000008,978471.1964000019,1018731.299100001,878299.3971000012,1042974.5922229363
2021-02-14,1031813.4011000013,923762.8755000007,977492.7269000019,1017712.5803000007,877421.1071000013,1045961.2868338324
2021-02-15,1031813.4011000013,923762.8755000007,977492.7269000019,1017712.5803000007,877421.1071000013,1042001.515771102
2021-02-16,1031813.4011000013,923762.8755000007,977492.7269000019,1017712.5803000007,877421.1071000013,1042033.9559609559
2021-02-17,1024999.0242000013,919869.2471000006,978804.3116000019,1013485.1993000008,864500.1639000012,1042939.5025355046
2021-02-18,1018333.8852000013,902161.3393000006,971024.111600002,1010724.8602000008,859174.6992000012,1043457.6408666779
2021-02-22,985825.6852000013,878033.4393000007,961001.2116000018,1009889.8749000009,840391.2281000013,1057503.1445012714
2021-02-23,977249.3852000014,872372.2393000007,953453.4116000019,1020295.1817000009,817016.0281000012,1038979.7314727742
2021-02-24,982768.5852000015,875237.4393000007,964880.911600002,1018047.1800000009,839289.5281000013,1023441.0097765167
2021-02-25,984817.1852000013,874211.1393000007,968817.2116000019,1013505.8455000009,840364.5281000013,1043396.7670442825
2021-02-28,993514.2852000014,875362.6393000007,963340.711600002,1026514.2455000009,825456.6281000013,1038632.6472900939
2021-03-01,993073.9852000014,872190.0393000008,964902.9116000017,1017356.0455000009,838551.6281000014,1034614.9750120068
2021-03-02,999564.0852000014,882153.1393000006,970968.8116000019,1008931.845500001,866934.1281000013,1023168.7577449337
2021-03-03,1000667.6852000015,882991.9393000007,970918.1116000018,999477.8455000008,857143.9281000013,1042099.4825595852
2021-03-04,488299.18520000135,879064.8393000006,969504.611600002,866517.4455000008,856824.4281000012,1052228.511799182
2021-03-07,487810.8914000013,878185.7783000006,968535.107900002,865650.928300001,855967.6142000013,1053231.055833832
2021-03-08,487810.8914000013,878185.7783000006,968535.107900002,865650.928300001,855967.6142000013,1068592.3904361667
2021-03-09,492451.46960000147,866897.7737000007,976657.545700002,868599.749300001,860733.5024000014,1074831.5048784357
2021-03-10,486035.8550000014,859604.3737000007,975176.845700002,872356.963400001,855928.3656000016,1084527.5028188068
2021-03-11,485549.82180000143,858744.7732000006,974201.6742000019,871484.612000001,855072.4418000017,1090311.679140415
2021-03-14,478705.16700000153,858421.2980000008,973421.5534000017,867348.9144000012,848585.2323000019,1086092.774290206
2021-03-15,476036.92980000144,854973.3906000007,971617.5534000018,866025.2395000011,851131.408600002,1092360.063877448
2021-03-16,469777.9298000015,853809.3906000007,975768.2534000019,882468.7395000011,851183.8091000018,1087295.5169467037
2021-03-18,466484.3298000015,851464.5906000008,970704.4534000019,864511.839500001,856227.1091000019,1079542.3761935018
2021-03-21,462361.42980000144,839830.0906000008,964384.7534000019,846192.339500001,838942.6091000017,1082957.8370587423
2021-03-22,477131.1298000015,839583.7906000008,966447.553400002,879212.539500001,847141.6091000019,1072765.6076086333
2021-03-23,471054.62980000145,838361.3906000007,961414.6534000017,863768.7395000011,851908.7091000018,1072663.3757752688
2021-03-24,468375.0298000015,830228.3906000009,961371.3534000019,858917.839500001,844809.5091000019,1079261.464828372
2021-03-25,468607.8298000015,827440.3906000009,959922.0534000018,860264.539500001,850817.3091000018,1094262.7908695987
2021-03-28,466315.9298000015,827173.3906000007,962817.9534000019,852022.339500001,849437.4091000018,1097521.5436464015
2021-03-29,463555.3298000015,825062.9906000007,956780.4534000019,852825.339500001,853465.4091000018,1094066.9865364165
2021-03-31,463091.7812000015,824237.9319000008,955823.6806000021,851972.5208000012,852611.9483000019,1091241.071193163
2021-04-01,464658.25970000145,820263.9262000009,947957.5186000023,852876.0039000014,856682.0893000021,1096920.6892932898
2021-04-04,464193.60910000146,819443.671100001,947009.5679000022,852023.1324000014,855825.4084000022,1109294.3599563465
2021-04-05,470496.5803000015,824231.4513000011,948605.6055000023,858453.7640000015,874182.3452000023,1106086.5292305497
2021-04-06,470026.08480000147,823407.2251000011,947657.0010000021,857595.3138000016,873308.1701000021,1106616.6872336608
2021-04-07,476272.8293000015,833052.8411000011,949459.5938000024,869993.883000002,880529.1455000022,1108512.8227928134
2021-04-08,473556.84180000157,831922.8411000012,983252.3938000023,861571.853000002,875276.1185000022,1118340.5201493644
2021-04-11,473083.2905000015,831090.9189000011,982269.1445000023,860710.2966000021,874400.8553000023,1116514.0469899382
2021-04-12,473083.2905000015,831090.9189000011,982269.1445000023,860710.2966000021,874400.8553000023,1114259.9061483336
2021-04-13,482627.2811000015,838524.2608000012,990485.6603000023,871670.0589000022,887410.8348000024,1116034.035575127
2021-04-15,481994.09450000164,842104.8608000013,993399.9603000024,874147.1729000022,896167.9551000025,1126128.6213462136
2021-04-18,477922.5945000016,845435.1608000012,996877.9603000022,870034.1064000021,895976.6105000025,1131577.4100476187
2021-04-19,480325.39450000157,851219.0608000013,996244.3603000023,871113.9064000021,898684.8688000025,1127506.3600866245
2021-04-20,481278.6945000016,854074.5608000011,991409.3603000023,873109.0064000022,907715.7688000025,1119025.3829622571
2021-04-21,482441.79450000165,850866.4608000013,996971.9603000024,870465.4064000022,905956.7688000025,1129480.946622834
2021-04-22,481096.09450000164,853193.7608000013,1003296.7603000024,867536.0064000022,913039.2688000026,1118846.6388086
2021-04-25,484217.1945000016,861956.9608000013,1060462.3603000022,878485.2064000021,920706.9688000025,1126376.7694120286
2021-04-26,483576.5945000016,861224.5608000013,1098705.3603000022,871933.9064000022,920918.7688000024,1124328.1261874272
2021-04-27,483093.0203000016,860363.3388000012,1097606.6586000023,871061.9885000021,919997.8584000025,1124439.275841907
2021-04-28,491934.21450000163,861383.9433000011,1070778.3558000023,879699.6970000023,928180.5804000025,1118994.8814291675
2021-04-29,492141.4423000017,861244.0364000011,1061798.0558000023,869310.5659000023,926536.4651000025,1126934.9733163284
2021-05-02,492643.33540000167,861475.8364000012,1054643.7558000023,846178.8309000023,930943.0777000026,1120797.1860009336
2021-05-03,492770.43540000165,860964.1364000012,1052556.8558000023,841425.9309000022,923069.5541000026,1128684.28793654
2021-05-04,493597.63540000166,859281.2364000012,1085818.3558000023,828352.8309000023,930275.7541000026,1129339.4246790488
2021-05-05,495234.83540000167,860866.4364000012,1074168.0558000023,817790.7309000022,930872.4541000027,1132559.0165892153
2021-05-06,498066.5354000016,862986.3364000012,1090870.6558000022,832925.7309000022,940768.1541000026,1143086.8275252038
2021-05-09,497568.4707000017,862123.351500001,1089779.792500002,832092.8170000023,939827.3992000024,1150671.2405180298
2021-05-11,499942.5998000017,876361.501300001,1094538.8025000023,836702.7595000024,946743.1153000025,1149515.154867657
2021-05-12,499442.65770000167,875485.1517000011,1093444.2648000023,835866.0608000023,945796.3768000025,1133843.441317377
2021-05-16,497309.9149000017,880212.5443000012,1088302.9136000024,834819.5366000024,941738.8268000026,1111295.0537369805
2021-05-17,496812.6059000017,879332.3349000011,1087214.6114000024,833984.7239000025,940797.0895000026,1125647.5759811285
2021-05-18,497266.69780000177,870881.488500001,1095530.1830000025,833296.2885000027,938980.5446000026,1137581.1715587163
2021-05-19,496769.4393000018,870010.6145000011,1094434.6529000024,832463.0084000027,938041.5764000026,1135783.2612756155
2021-05-20,494336.7729000018,861259.9860000012,1083472.8147000025,828033.4891000027,934481.2754000027,1126944.9250877176
2021-05-23,492201.09450000175,858540.8732000011,1077510.2147000027,824397.0674000029,934236.9871000028,1121498.2042868612
2021-05-24,496428.39450000174,865046.2732000012,1074944.5147000025,824839.4819000028,934204.5088000027,1127722.0679625855
2021-05-25,493748.39450000174,864807.4732000012,1067028.5147000025,826421.3819000028,934269.2780000027,1131814.5723917698
2021-05-27,493878.59450000175,875124.8732000012,1070190.2147000025,824366.7819000029,943213.1973000027,1137973.2972002176
2021-05-30,493384.71660000173,874249.748500001,1069120.0276000025,823542.4216000027,942269.9964000027,1135276.108666106
2021-05-31,493384.71660000173,874249.748500001,1069120.0276000025,823542.4216000027,942269.9964000027,1135626.4885652855
2021-06-01,493384.71660000173,874249.748500001,1069120.0276000025,823542.4216000027,942269.9964000027,1140311.1880140349
2021-06-02,490624.6290000019,868953.4776000013,1069643.2822000026,821655.305600003,935830.483800003,1142455.4716390024
2021-06-03,489586.68060000194,873613.6776000013,1073192.1822000025,820883.386200003,924813.312000003,1143972.793666434
2021-06-06,487842.06440000195,869240.7776000012,1070101.2822000023,818243.9107000029,944016.423900003,1144802.2802739348
2021-06-07,487354.22250000195,868371.5423000013,1069031.1875000023,817425.6759000029,943072.4176000028,1144030.0486628697
2021-06-08,486989.765900002,866859.5407000013,1074040.0284000027,818497.5814000032,941368.9908000032,1149964.1477742412
2021-06-09,484004.2834000019,867394.3407000013,1078480.7284000027,817962.5289000032,937292.696700003,1145790.2197609611
2021-06-10,483949.77560000203,871515.9407000013,1074583.7284000025,817474.2387000031,933186.261400003,1144783.7984127828
2021-06-13,484705.475600002,871034.4407000013,1073695.7284000027,819561.1004000031,929372.661400003,1139732.1758604664
2021-06-14,484220.775600002,870163.4087000014,1072622.0368000024,818741.5564000031,928443.3072000032,1140364.0487218047
2021-06-15,486106.548400002,864744.3178000016,1074288.2912000024,820173.4445000032,930658.8927000033,1140806.1917078223
2021-06-16,483835.929900002,863670.9178000015,1076646.4912000026,824789.2028000033,931248.3205000034,1137965.6718169453
2021-06-17,487164.42210000206,865847.8178000016,1075975.8912000025,830529.4660000033,938331.0119000035,1134841.591063361
2021-06-20,488131.922100002,865151.9178000015,1082554.9912000026,834529.2837000033,943272.9367000035,1126051.9797821364
2021-06-21,494970.522100002,869209.5178000015,1084708.9912000024,839598.9837000032,944589.3797000033,1119096.4670436105
2021-06-22,492436.6221000021,868852.0178000015,1086916.8912000025,838986.5837000033,940709.5103000032,1101449.1330068463
2021-06-23,488753.02210000204,867560.0178000015,1084745.2912000024,834524.0837000032,935989.7156000035,1120867.2361320127
2021-06-24,490064.92210000206,869636.8178000016,1096582.9912000026,834409.2837000033,938294.0156000034,1123137.2739590835
2021-06-27,484852.9221000021,866725.3178000015,1093766.2912000024,830178.5837000033,929039.3156000035,1120776.894726802
2021-06-28,486768.52210000204,869144.6178000015,1094785.4912000026,837656.5837000033,935079.2381000033,1131449.9756763198
2021-06-29,486174.22210000205,869587.2178000015,1094844.0912000025,837689.9837000032,934520.7381000032,1139292.1007749974
2021-06-30,490921.322100002,875302.6178000014,1102423.6912000026,837776.5837000032,946470.0381000034,1134310.2698661913
2021-07-05,495478.42210000206,883364.5178000015,1101633.1912000026,838816.1837000032,939842.4381000034,1134608.693764091
2021-07-06,494982.949400002,882481.1565000014,1100531.562900003,837977.3770000032,938902.6039000034,1141564.2065026166
2021-07-07,497674.472600002,879683.0659000014,1100854.2315000033,842318.8440000034,941809.8402000034,1145899.172271108
2021-07-08,497891.53100000205,885422.4582000014,1104509.7315000033,847670.2872000033,950495.5284000034,1150955.4475996585
2021-07-12,498954.8310000021,887487.3582000015,1104722.5315000033,849907.9836000033,958199.5504000034,1144041.0343845333
2021-07-13,500460.6310000021,891268.3582000015,1110992.831500003,854341.7436000033,957751.1084000035,1147495.8499820868
2021-07-14,501695.531000002,890324.4582000014,1117388.7315000033,855051.8436000033,961902.7718000034,1138898.0364767318
2021-07-15,504004.431000002,892322.8582000014,1120588.0315000033,857410.6436000033,967982.8418000034,1153728.3729913577
2021-07-18,515012.131000002,912142.3582000014,1143822.5315000033,864627.9436000034,1008617.3026000033,1157897.9067159723
2021-07-19,514497.120200002,911230.2171000014,1142678.709700003,863763.3253000033,1007608.7010000034,1154344.736598583
2021-07-25,515097.237700002,907383.4072000015,1138805.0764000032,858731.8375000034,995049.2100000035,1155815.1431323213
2021-07-26,512676.29080000205,908692.1992000014,1138017.6764000033,862060.5586000035,991228.2171000035,1157594.8300418388
2021-07-27,505248.875000002,908422.0992000016,1138681.6764000033,858890.0367000035,988408.2544000035,1147696.4363352873
2021-07-28,504400.47500000196,914658.5992000015,1134215.6764000033,856510.0367000035,988125.3544000036,1123681.9072660338
2021-07-29,506540.97500000196,918904.8992000015,1139100.0764000032,858659.6367000034,983308.4544000034,1141877.7519232768
2021-08-02,506884.97500000196,908455.8992000015,1139776.6764000033,857187.7367000035,983089.8544000034,1151340.8525643775
2021-08-03,513102.775000002,917354.0992000015,1147180.976400003,858831.6367000034,999002.3544000034,1152179.6447243462
2021-08-05,515212.375000002,925297.1992000015,1144517.3764000032,859309.7367000035,1012895.1544000035,1160060.801445876
2021-08-09,513610.07500000193,927055.5992000015,1145883.3764000032,855500.6367000035,1012397.2544000034,1162798.9602596043
2021-08-10,516303.1750000019,919556.0992000016,1153388.7764000031,859717.5367000035,1012225.4544000034,1159960.5082692758
2021-08-11,515795.47500000196,924025.7992000015,1175889.9764000033,861088.6367000035,1014527.8544000034,1155739.018543381
2021-08-12,517302.67500000197,923620.3992000014,1181908.7764000031,860671.0367000035,1027008.9544000034,1160821.1426287876
2021-08-16,517860.77500000194,926227.3992000015,1178201.8764000032,862452.3367000035,1027712.4544000034,1155889.1998207131
2021-08-17,517342.91620000196,925301.1738000015,1177023.6784000034,861589.8911000035,1026684.7580000036,1152669.6079105467
2021-08-18,515653.9065000019,924565.2142000016,1165237.6442000032,860377.5712000036,1030522.7028000038,1161875.5134209332
2021-08-19,512742.956800002,920940.8974000015,1161967.4442000033,856580.7170000036,1027483.4836000036,1151164.5640426215
2021-08-22,509301.148600002,925744.3974000015,1168904.3442000032,861319.7265000035,1029129.9626000036,1160150.1089008127
2021-08-23,515163.14860000205,931086.8974000015,1174970.8442000034,863845.4793000036,1038362.3626000037,1164923.2110980086
2021-08-24,514964.5486000021,934512.5974000016,1173026.3442000032,866875.6793000036,1051844.6626000039,1161394.209568279
2021-08-25,515502.248600002,931310.3974000015,1169688.5442000034,864820.5793000037,1055309.6626000036,1166781.3489845833
2021-08-26,516999.64860000205,929969.8974000015,1164323.6442000032,864630.3793000036,1053192.8626000036,1174070.181442764
2021-08-29,515644.548600002,923246.6974000015,1162380.5442000031,862240.9793000036,1042262.4626000036,1174562.6002608656
2021-08-31,519844.7486000021,920749.4974000015,1165449.3442000032,864909.1793000036,1042981.4626000036,1175076.3443033735
2021-09-01,520409.348600002,921796.2974000016,1172283.2442000033,860989.1793000036,1049753.962600004,1178716.4954875826
2021-09-02,523323.94860000204,926440.4974000015,1174363.944200003,858824.1793000036,1067283.6626000036,1169382.2508994073
2021-09-05,530350.248600002,936939.8974000015,1183900.9442000033,879122.9793000036,1079976.1626000036,1156723.7269358004
2021-09-06,536017.748600002,944601.8974000015,1191408.4442000033,885020.1793000036,1090340.6626000036,1154521.1543641232
2021-09-07,562680.248600002,961085.7974000016,1212420.6442000032,905738.0793000037,1101683.1626000034,1161997.2610657236
2021-09-08,566387.948600002,972362.5974000016,1205301.6442000032,905464.4793000036,1112235.5626000036,1169131.7764454754
2021-09-09,567798.448600002,982219.0974000016,1206935.6442000032,905210.8793000036,1129744.7626000035,1170142.592082319
2021-09-12,567230.6534000019,981236.8787000016,1205728.7222000032,904305.6689000037,1128615.0205000036,1171440.8458953984
2021-09-13,567230.6534000019,981236.8787000016,1205728.7222000032,904305.6689000037,1128615.0205000036,1165075.7187634576
2021-09-14,567230.6534000019,981236.8787000016,1205728.7222000032,904305.6689000037,1128615.0205000036,1173105.118105555
2021-09-15,575302.190000002,977988.3296000016,1196776.801900003,913616.7820000038,1145258.0482000036,1171253.5716519784
2021-09-16,574541.542000002,986441.3296000016,1193755.0019000033,893001.8402000038,1166512.7008000035,1169959.5828837804
2021-09-19,571652.742000002,983180.2296000016,1196133.1019000032,866901.9651000038,1161350.0876000037,1168364.8438295657
2021-09-20,568943.1420000021,977565.8296000016,1202631.301900003,865255.9651000038,1162876.3876000035,1172708.7274191724
2021-09-21,572059.1420000021,982981.1296000016,1196788.1019000032,870563.2651000038,1189209.6876000036,1170236.1645821368
2021-09-22,567818.342000002,980727.0296000016,1192015.301900003,873240.7651000038,1183242.7876000036,1161332.948014531
2021-09-23,569091.942000002,978346.1296000016,1190518.6019000032,881233.2651000038,1183968.0876000037,1159052.3121971495
2021-09-26,568911.942000002,975963.6296000016,1192178.4019000032,883430.0651000038,1167383.3876000037,1154033.3883222553
2021-09-27,570360.742000002,977737.2296000016,1193367.6019000032,885319.9651000038,1165300.8876000037,1145045.1293445944
2021-09-28,568502.342000002,975976.3296000016,1195261.301900003,885658.2651000038,1160339.6876000038,1153710.795836696
2021-09-29,568895.9420000021,974960.2296000017,1192003.7019000032,885055.1651000038,1159200.4876000038,1144047.6258175317
2021-09-30,569983.1420000021,975078.2296000016,1187022.5019000033,881994.0651000038,1167243.9876000036,1151883.159483211
2021-10-03,581906.342000002,973040.7296000016,1185607.7019000032,886618.1651000038,1185253.3876000037,1149796.3893422473
2021-10-04,587197.542000002,968397.7296000017,1193887.9019000032,885622.9651000038,1200099.1876000036,1144289.440937917
2021-10-05,582702.342000002,964887.4296000017,1191988.2019000032,882569.2651000038,1201104.9876000036,1123960.8153525074
2021-10-06,586966.342000002,969587.1296000016,1192968.5019000033,875073.7651000038,1210235.5876000035,1122285.6866644712
2021-10-07,586379.3820000021,968617.5500000017,1191775.5373000037,874198.6966000039,1209025.3615000036,1133484.7898160035
2021-10-10,589828.9956000021,968155.9016000017,1199420.6536000038,880912.5723000041,1201249.8462000038,1150243.0558607143
2021-10-11,585834.7270000022,961650.5016000018,1191143.5536000037,880860.592300004,1184288.8516000037,1151340.8525643775
2021-10-12,583781.2270000023,957446.0016000018,1198544.053600004,883200.4961000041,1175850.4139000038,1153702.2657469334
2021-10-13,588066.6270000022,949468.6016000018,1185542.753600004,881445.6855000042,1166243.3139000037,1134863.4332629042
2021-10-14,592207.9270000021,947588.5016000018,1183295.753600004,884561.5855000041,1170463.9475000037,1137865.378640345
2021-10-17,602816.8270000021,946987.0016000018,1187096.4536000038,883694.5855000041,1160560.1126000038,1119773.833717015
2021-10-18,593529.2270000022,933678.0016000018,1181533.753600004,877785.2855000041,1148184.8612000037,1135739.3183889608
2021-10-19,590388.9270000022,930689.2016000018,1180599.4536000038,874141.2855000041,1134757.5435000039,1125034.5727122945
2021-10-21,585841.227000002,936940.7016000019,1181903.9536000038,874251.5855000041,1156646.9435000038,1135349.2606480075
2021-10-24,583034.4270000021,921557.9016000017,1183036.053600004,869147.5855000041,1157589.2435000038,1138734.5430896191
2021-10-25,582451.3963000022,920636.3452000017,1181853.018800004,868278.4575000042,1156431.6580000038,1149916.1983302736
2021-10-26,582841.7282000022,916083.4410000017,1185558.9610000039,867677.3509000043,1164932.586900004,1149628.6309102536
2021-10-27,572477.2146000024,924412.4330000017,1185932.761000004,865586.2945000043,1156724.391500004,1141350.6957709882
2021-10-28,563572.9146000023,922747.8330000017,1185156.9610000039,871302.4583000042,1158954.952000004,1137455.805087966
2021-10-31,563009.3456000023,921825.0896000017,1183971.818600004,870431.1659000043,1157796.0054000039,1137438.227933304
2021-11-01,558224.4990000023,913965.1864000018,1181995.2323000042,865450.8092000046,1165364.1798000038,1155131.1850259185
2021-11-02,547925.6716000023,912597.6864000019,1180041.3323000043,857289.0234000045,1167615.204600004,1167776.913854882
2021-11-03,533668.4716000024,904077.8864000018,1181432.1323000041,859357.8336000046,1159876.1785000039,1166580.7626313826
2021-11-04,538480.7716000024,901284.0864000018,1187713.9323000042,865811.9336000044,1167995.478500004,1173155.0062062866
2021-11-07,549833.8716000023,900496.7864000017,1185040.7323000042,872146.7336000045,1167495.7785000035,1178185.1742904128
2021-11-08,539897.7716000024,899196.4864000018,1180663.7323000042,874625.4336000045,1153038.778500004,1177977.9965042141
2021-11-09,538990.3716000024,902412.1864000019,1177946.7323000042,872613.0336000045,1164320.578500004,1180424.4520968252
2021-11-10,541157.1716000023,908113.6864000019,1181314.532300004,872648.9336000045,1180774.0785000038,1182546.2473033282
2021-11-11,539346.8716000024,916712.1864000019,1184875.4323000044,862733.2336000045,1188780.4785000042,1183066.7120226186
2021-11-14,538807.5307000024,915795.4752000018,1183690.5596000045,861870.5064000045,1187591.7157000038,1174259.523586732
2021-11-15,530706.7659000024,925203.2093000019,1187087.4528000047,848112.4117000045,1180464.212900004,1182193.2825284633
2021-11-16,532752.4328000025,942240.9014000018,1100468.3528000049,841261.0381000045,1194136.7872000039,1185140.5577851543
2021-11-17,532219.6960000026,941298.667300002,1099367.8857000046,840419.7846000046,1192942.6585000039,1188259.9857625046
2021-11-18,529089.0163000026,940987.2140000022,1106202.518900005,835286.1225000046,1193550.015800004,1192852.0174179263
2021-11-21,533539.1138000027,938608.9140000021,1107654.518900005,842130.5000000045,1195346.3970000043,1196324.4101701418
2021-11-22,533005.5848000027,937670.3101000022,1106546.8672000049,841288.3739000044,1194151.0723000043,1195221.0559837546
2021-11-23,535372.3308000029,932808.3869000023,1096255.5310000046,845833.3331000046,1194827.2310000046,1201961.3778214564
2021-11-24,530445.9819000029,924457.7786000022,1092194.931000005,840246.7154000046,1182583.9773000043,1205411.2821552071
2021-11-25,528525.1819000029,920807.5786000022,1089512.5310000048,838294.4750000046,1179037.9555000043,1201697.7205015281
2021-11-28,530185.5819000029,922307.2786000023,1085493.831000005,830480.6750000047,1148707.6555000045,1193755.6899576029
2021-11-29,528596.581900003,922032.3786000023,1081131.7310000048,827397.1750000047,1141867.7555000044,1188504.51500236
2021-11-30,526969.1819000029,905682.1786000022,1077780.2310000048,828671.1750000047,1124847.8555000045,1194429.5670488318
2021-12-01,531510.6819000029,921557.4786000022,1082131.7310000048,841034.9750000046,1164183.6492000045,1194004.0965109866
2021-12-02,534358.1819000029,928458.0786000022,1120815.131000005,843766.3750000047,1173845.6748000048,1195816.223610358
2021-12-05,533823.830700003,927529.6226000022,1119694.321100005,842922.6114000047,1172671.8321000047,1188829.4338760367
2021-12-06,536621.754100003,923947.1362000023,1116737.652300005,848915.8327000048,1166735.5399000044,1186840.8890111248
2021-12-07,536552.1997000031,926406.6200000024,1119127.9523000051,852201.6286000048,1171354.5698000046,1177941.679000832
2021-12-08,533556.4997000032,920005.3200000024,1109917.7523000052,851642.7630000048,1163061.9999000044,1178513.0657711278
2021-12-09,538586.0997000032,921505.1200000024,1109791.0523000052,877671.8630000049,1164397.0991000044,1184950.0524471276
2021-12-12,542229.6997000031,917214.2200000024,1104079.052300005,903793.8630000049,1158684.0393000047,1184638.3164394475
2021-12-13,541733.7997000032,918914.6200000024,1100852.7523000052,929813.9630000049,1150960.4393000044,1154693.8240599195
2021-12-14,538618.9997000032,911188.8200000024,1102113.352300005,956281.9630000049,1151918.2393000044,1162522.1200736794
2021-12-15,541879.8997000031,912379.3200000023,1104527.7523000052,986552.6630000048,1169336.0393000045,1140942.414656452
2021-12-19,536020.7997000032,904454.9200000024,1100948.352300005,972592.6630000048,1155072.4393000044,1125667.0917925544
2021-12-20,532110.2997000032,899981.1200000022,1099162.9523000051,956444.2630000048,1148484.9393000046,1146106.2208135223
2021-12-21,531927.5997000033,898309.8200000023,1098028.352300005,934188.5630000049,1147918.3393000045,1144130.6003270384
2021-12-22,531395.6751000031,897411.5106000024,1096930.3309000048,933254.3895000048,1146770.4318000046,1165535.955879274
2021-12-23,522372.71070000314,896015.4094000024,1093521.909100005,919727.7861000049,1134971.8072000046,1181827.651862739
2021-12-26,517827.0199000032,894374.2019000024,1086446.109100005,945986.6084000049,1125563.0214000046,1182996.2741601868
2021-12-27,517309.2034000032,893479.8340000024,1085359.6757000051,945040.6229000051,1124437.4615000049,1182994.3355034227
2021-12-28,506425.31680000323,899612.6493000024,1085795.8035000053,925228.8272000051,1128692.448300005,1190150.8223265018
2021-12-29,503055.4901000033,894468.6493000024,1097147.3035000055,942764.5671000051,1120192.4368000051,1179561.8790805493
2021-12-30,502427.6901000033,895722.5493000024,1095631.6035000053,947288.4671000051,1119535.807500005,1176029.2587248601
2022-01-02,505699.09010000335,894209.7493000024,1089630.6035000053,960186.1671000051,1130369.368200005,1188709.6248880103
2022-01-03,505193.39730000333,893315.5421000024,1088540.9761000052,959225.9851000052,1129239.0012000047,1187724.011789101
2022-01-04,501675.0093000033,893326.1392000025,1096801.2313000052,953829.3382000054,1123115.1930000049,1170115.4508876204
2022-01-05,502258.97270000336,892085.9213000025,1090948.2313000052,969465.8813000054,1116473.0416000048,1155779.7303354288
2022-01-06,510156.4652000033,901908.4213000025,1087295.8313000053,961271.0728000053,1129686.351700005,1174325.9548918514
2022-01-09,511854.46520000324,907725.1213000026,1086950.9313000052,970958.0266000052,1138189.5475000048,1182967.8405276455
2022-01-10,517014.8652000033,912487.0213000026,1088427.1313000051,974392.1870000053,1161936.9475000047,1189474.8773347244
2022-01-11,526165.6652000034,931924.5213000026,1087899.5313000053,979084.4870000053,1174480.8475000048,1201115.3480095682
2022-01-12,525639.5024000034,930992.5991000024,1086811.6405000053,978105.4195000055,1173306.3715000048,1204286.0857692773
2022-01-13,532049.9891000034,930600.1445000026,1088532.1147000056,989564.3932000056,1167511.6447000047,1207277.691643976
2022-01-16,527392.1663000034,926332.9371000025,1092410.9147000057,1000470.6559000055,1160673.7118000046,1204281.6914806117
2022-01-17,525943.0589000034,925614.3371000024,1097960.6147000056,996570.5052000055,1162770.585600005,1202303.873849795
2022-01-18,526390.6589000034,926443.8371000026,1094645.4147000054,999382.8130000056,1160518.6856000046,1210468.2037026794
2022-01-19,529758.0589000034,931959.3371000024,1093440.8147000056,996778.7522000056,1161098.8856000048,1217568.2109920287
2022-01-20,528457.5589000034,929690.4371000025,1092266.4147000057,998140.7522000056,1165509.9856000047,1204580.503109864
2022-01-23,535484.5589000033,927194.1371000026,1098166.2147000055,1004364.2522000056,1135800.9856000047,1198934.617637434
2022-01-24,534949.0800000035,926266.9435000026,1097068.0486000055,1003359.8967000055,1134665.2004000046,1198775.518538987
2022-01-25,534949.0800000035,926266.9435000026,1097068.0486000055,1003359.8967000055,1134665.2004000046,1193389.413072957
2022-01-26,527480.1701000036,912380.2096000027,1099005.5768000055,990477.5487000055,1115723.787900005,1199449.1371426475
2022-01-27,526952.6947000036,911467.8371000027,1097906.5715000054,989487.0807000055,1114608.0833000047,1200716.3724474998
2022-01-30,525725.3750000037,911915.2997000027,1095658.5627000055,989784.7864000057,1111174.7917000048,1194870.0298656537
2022-01-31,520923.49030000373,910503.5828000027,1094710.8627000055,987724.1311000057,1108579.0678000047,1188192.7789946797
2022-02-01,521248.8831000037,914347.8828000027,1107169.9627000056,991247.0277000057,1108769.3430000045,1170215.6148204363
2022-02-02,522632.58310000366,919847.7828000027,1106731.9627000056,989245.1430000057,1110109.4386000049,1158972.1810508966
2022-02-03,523749.2831000036,921236.5828000028,1104910.4627000056,990296.9573000056,1110913.9386000049,1148607.605014452
2022-02-06,535455.3831000036,930626.0828000028,1112170.8627000055,993453.6573000057,1111461.9386000049,1133718.0748466265
2022-02-07,527529.7831000036,927959.5828000027,1113390.6627000056,990783.0573000056,1111096.838600005,1136997.8943602666
2022-02-08,524775.5831000035,931501.6828000026,1119259.4627000056,989301.9573000056,1117730.5386000047,1134788.730355591
2022-02-09,525897.0831000035,930321.5828000027,1119815.0627000057,999825.8573000056,1122046.3386000048,1130499.38764295
2022-02-10,518079.9831000036,931955.2828000027,1117729.9627000056,993258.6573000057,1121127.6386000048,1130257.5725225648
2022-02-13,523669.68310000363,933690.3828000027,1113865.0627000057,1001723.9573000056,1115590.9386000049,1148941.053977891
2022-02-14,520023.0831000037,932235.9828000027,1125564.7627000057,1000809.4573000056,1121360.0386000047,1162387.060319108
2022-02-15,516676.08310000366,931244.9828000027,1128601.8627000055,996108.3573000056,1116719.838600005,1171432.1865618518
2022-02-16,515729.5831000036,929113.3828000027,1129199.0627000055,995486.9573000056,1116895.238600005,1178846.514734567
2022-02-17,512139.5831000036,921814.2828000027,1114971.6627000056,995096.0573000056,1110662.3386000048,1161702.1975062154
2022-02-20,510286.18310000363,917269.7828000027,1110973.1627000056,999590.9573000056,1102632.038600005,1160993.424593231
2022-02-22,508700.78310000367,918523.3828000027,1107921.5627000057,995433.1573000057,1103157.138600005,1161039.4353804344
2022-02-23,516307.1831000037,922357.0828000028,1118005.0627000055,1003017.9573000056,1110579.638600005,1173336.076748061
2022-02-24,510716.88310000364,902179.7828000027,1113110.3627000055,988971.8573000056,1102169.338600005,1183436.6077332243
2022-02-27,510206.16810000356,901277.6060000026,1111997.2533000056,987982.8888000057,1101067.177200005,1166017.6474632807
2022-02-28,514530.28070000367,903586.6444000027,1115937.3804000057,996601.6123000057,1107781.4109000051,1149357.6066946213
2022-03-01,514961.7618000037,903954.4294000027,1116979.580400006,987583.1408000059,1105038.6389000048,1143670.4924550063
2022-03-02,516162.86180000374,899168.6294000027,1110124.580400006,985784.8510000057,1102787.4860000054,1157655.0576453125
2022-03-03,516663.6618000038,890959.2294000026,1111739.1804000058,984807.7510000058,1103171.3114000051,1155849.5219789394
2022-03-06,505775.6618000037,882537.7294000027,1103399.6804000058,975917.5510000058,1094541.9390000051,1135261.8918498352
2022-03-07,493634.5618000037,865912.1294000027,1088931.4804000058,942840.8510000057,1083207.2205000054,1127557.669868983
2022-03-08,493140.9318000037,865046.2179000026,1087842.5624000058,941898.0283000058,1082124.028000005,1111591.151246763
2022-03-09,500629.29260000377,874885.5365000027,1112211.0157000057,951419.576000006,1101759.0026000054,1096211.0116738155
2022-03-10,500128.6724000037,874010.6516000027,1111098.813800006,950468.1612000061,1100657.2612000052,1099257.1584254797
2022-03-13,496307.34770000377,883401.1206000028,1114187.636100006,937807.6602000063,1109803.0171000054,1126881.7248772054
2022-03-14,497792.6419000039,887012.1206000028,1120326.336100006,944051.2962000064,1104900.2223000056,1121384.469756696
2022-03-15,500559.0344000039,889012.1206000028,1126353.936100006,953563.6326000063,1110997.0043000055,1101610.300005842
2022-03-16,501090.33440000383,883642.3206000029,1138450.2361000062,956798.2818000063,1114235.7853000057,1121343.1117457268
2022-03-20,495542.73440000386,878769.3206000029,1128693.136100006,939634.8148000063,1106201.2853000055,1118143.9403534764
2022-03-21,498944.23440000386,880791.5206000028,1125980.2361000062,939394.9148000063,1115131.6853000054,1112193.0395501489
2022-03-22,498691.6344000039,883450.5206000028,1138473.5361000062,946145.8148000063,1120228.2853000055,1085809.2134274985
2022-03-23,498063.5344000039,883897.9206000029,1138867.3361000062,942717.2148000064,1117852.6853000054,1079696.887137607
2022-03-24,497295.7344000039,884628.1206000028,1128812.2361000062,940101.6148000064,1116332.3853000056,1101322.4740982533
2022-03-27,495459.03440000385,887605.9206000027,1125853.036100006,939665.4148000063,1116071.9853000056,1097610.851101338
2022-03-28,498739.6344000039,892862.5206000028,1126727.936100006,941168.0148000064,1117485.2853000057,1090004.9836403218
2022-03-29,497290.93440000387,887517.7206000029,1118712.336100006,937078.7148000064,1111904.7853000055,1090039.6209745083
2022-03-30,496333.0344000039,887465.1206000028,1120332.836100006,933857.9148000063,1111824.8853000056,1109861.74016933
2022-03-31,498665.43440000387,889057.9206000027,1126193.836100006,937538.4148000063,1103287.1853000056,1127025.702452892
2022-04-03,498999.83440000383,888784.1206000029,1120793.336100006,938908.4148000063,1102619.8853000056,1140844.577111753
2022-04-04,496137.3344000039,883013.5206000028,1124121.536100006,924142.1148000064,1096367.6853000054,1149915.8105989208
2022-04-05,495134.33440000383,882735.5206000028,1126464.536100006,912543.7148000064,1092725.6853000056,1143234.2946830657
2022-04-06,493711.9344000038,877116.9206000029,1129092.436100006,916060.5148000064,1088183.4853000056,1151653.8810099007
2022-04-07,492034.7344000039,876434.7206000029,1121982.536100006,909192.1148000064,1080174.7853000055,1136799.3759076146
2022-04-10,491542.7051000039,875558.2924000028,1120860.5647000063,908282.9394000063,1079094.6164000053,1148361.1371178327
2022-04-11,491542.7051000039,875558.2924000028,1120860.5647000063,908282.9394000063,1079094.6164000053,1153433.1801880654
2022-04-12,487601.46160000394,867932.218700003,1117190.0348000065,902767.9683000064,1069944.8090000055,1156564.886324922
2022-04-13,488476.34880000405,872969.1112000028,1114775.7348000067,900431.6066000065,1072114.0920000055,1167758.0442623773
2022-04-17,492088.741300004,878914.9112000029,1114555.6348000066,897288.0440000063,1081680.8765000056,1165594.7618011206
2022-04-18,487941.841300004,871435.0112000029,1111972.0348000065,885207.2440000064,1068531.1911000055,1147382.1154519215
2022-04-19,492034.34130000405,876789.2112000029,1116380.5348000065,887596.2440000064,1075440.6911000055,1152011.4985609998
2022-04-20,493011.14130000403,879983.2112000028,1123445.6348000066,893377.3440000063,1082589.3911000055,1155439.5606952074
2022-04-21,494064.14130000403,884108.9112000029,1123778.4348000064,896452.9440000063,1086739.7911000056,1146152.2316007256
2022-04-24,493570.077400004,883224.8047000028,1122654.6673000066,895556.4959000065,1085653.0585000054,1141365.6880499646
2022-04-25,489627.002700004,883678.5651000029,1126204.3396000066,889714.3375000065,1082390.6019000055,1144246.1442701838
2022-04-26,488210.7307000041,884386.865100003,1123553.5396000065,894943.6040000065,1081423.5065000055,1148797.205645989
2022-04-27,487722.52140000404,883502.4811000029,1122429.9915000068,894048.6625000065,1080342.0939000053,1135131.0971401453
2022-04-28,469563.89830000413,880877.4670000031,1122524.4899000067,860826.2220000065,1076758.3390000053,1132228.798720383
2022-05-05,469094.34660000406,879996.5953000031,1121401.972500007,859965.4108000065,1075681.5886000055,1143618.1487223736
2022-05-08,471663.03330000414,875941.9803000033,1117656.3006000072,864177.7094000068,1074574.3846000056,1139867.494102606
2022-05-09,471191.38270000415,875066.0408000033,1116538.654100007,863313.5366000067,1073499.8132000058,1138559.2885181373
2022-05-10,470339.07000000414,872039.0576000034,1112633.234100007,860234.8968000069,1069006.7878000059,1155086.2081889897
2022-05-11,469149.3474000043,866794.5503000034,1110063.234100007,856699.4451000069,1066694.001500006,1163344.2397854761
2022-05-12,466181.44010000426,861082.7503000033,1111053.234100007,856989.9801000069,1064162.5796000059,1151167.53664966
2022-05-16,458563.64010000427,854887.1503000035,1112093.234100007,835199.680100007,1046469.882600006,1118697.7499691106
2022-05-17,454601.94010000426,850349.1503000035,1108853.234100007,833021.780100007,1041136.9281000062,1126574.3831581906
2022-05-18,453692.94010000426,845974.8503000034,1099243.234100007,826770.980100007,1029599.1281000061,1099798.1729064703
2022-05-19,453239.2477000042,845128.8768000035,1098143.994100007,825944.221500007,1028569.5357000057,1101841.2586483478
2022-05-22,442028.4639000043,838150.3934000034,1086520.549300007,809890.718700007,1005250.5065000058,1122171.564402953
2022-05-23,441586.4381000043,837312.2442000033,1085434.030900007,809080.844300007,1004245.2688000059,1091097.4813488293
2022-05-24,441310.40180000436,833875.7824000033,1082540.3855000073,812327.676300007,1001761.444700006,1093886.303725995
2022-05-25,439808.00750000443,834009.5712000033,1082258.1855000071,809855.485000007,1000358.292200006,1096112.6571539794
2022-05-26,442337.07370000443,835634.9712000034,1087771.8855000073,812656.3113000072,1003478.6323000059,1126958.1079537142
2022-05-29,449633.27370000444,851163.5712000034,1093229.4855000072,817746.2113000072,1021817.7393000058,1091784.2828184864
2022-05-30,449183.6424000044,850312.4104000033,1092136.2603000072,816928.4655000072,1020795.929600006,1088522.040459508
2022-05-31,449183.6424000044,850312.4104000033,1092136.2603000072,816928.4655000072,1020795.929600006,1066894.3855983135
2022-06-01,449791.31290000444,849788.6496000035,1093576.6168000072,818462.5681000074,1021916.662800006,1064083.3979121442
2022-06-02,451981.34410000447,848736.7496000036,1093084.2168000073,826948.4220000075,1022899.1839000059,1053276.3557802213
2022-06-05,457919.3364000045,861387.3496000036,1091620.4168000072,848370.2692000073,1022109.430800006,1049841.7022130156
2022-06-06,457461.41910000454,860525.9644000034,1090528.7981000075,847521.9076000073,1021087.331500006,1065271.859130479
2022-06-07,450908.4213000047,859795.8138000034,1084466.2607000074,834497.9496000073,1016426.1792000061,1066157.2436746801
2022-06-08,450909.4248000048,858481.0013000034,1080064.6607000076,840141.9740000073,1021306.002900006,1080423.1079614689
2022-06-09,449171.8166000048,860167.3013000035,1081407.4607000076,840713.1984000073,1013431.419900006,1041893.3387236609
2022-06-12,446982.0166000048,857308.0013000035,1078798.7607000077,837091.5984000074,1014994.5199000061,1034053.8631225609
2022-06-13,447991.11660000484,856151.4013000035,1077518.4607000076,827240.2984000073,1012757.0199000061,1034344.0154182666
2022-06-14,447917.2166000048,854452.8013000034,1075172.3607000075,823923.2984000073,1003925.819900006,1054802.6602506605
2022-06-15,447044.11660000484,854095.9013000034,1069650.0607000077,820016.8984000074,1014712.5199000061,1056403.344518952
2022-06-16,448782.9166000048,857786.6013000034,1075605.0607000077,832769.2984000073,1023335.2199000061,1062744.6907945857
2022-06-19,446686.2166000049,856257.6013000035,1075176.5607000077,836832.1984000073,1023746.919900006,1079847.3915243994
2022-06-20,443169.81660000485,850771.4013000034,1072223.9607000076,827122.2984000073,1021757.419900006,1098897.6022176165
2022-06-21,442921.61660000484,850699.9013000035,1070500.2607000077,823304.3984000074,1013101.3199000062,1091524.6320558705
2022-06-22,442756.2166000049,850287.9013000034,1069261.3607000075,823219.9984000074,1016530.619900006,1085671.9565285947
2022-06-23,444180.9166000048,850685.2013000034,1073354.5607000077,824842.6984000073,1025429.019900006,1100066.2245150644
2022-06-26,443736.74030000484,849834.5193000034,1072281.2081000076,824017.8588000073,1024403.6074000061,1088532.8969373875
2022-06-27,444047.5549000049,848065.2487000034,1077843.5076000076,825301.9756000073,1019382.5284000062,1089064.993597263
2022-06-28,442652.86020000494,849194.6368000034,1079946.5076000076,823158.0518000072,1016496.1506000061,1097811.6959421071
2022-06-29,445320.96020000504,851619.5368000033,1083376.0076000076,825503.5476000073,1018948.0076000062,1088903.4388669145
2022-06-30,445469.660200005,844132.9368000034,1089374.5076000076,831204.9476000073,1020725.7086000062,1067790.691242286
2022-07-03,445024.19570000505,843288.8069000035,1088285.1426000071,830373.7572000073,1019704.9998000062,1038674.6515199845
2022-07-04,446900.9192000051,837543.2651000036,1090012.0483000074,832762.3270000075,1013124.8240000062,1009689.3418854807
2022-07-05,445402.2326000051,844809.5651000036,1090223.8483000074,825903.2073000075,1017702.8679000064,1004663.1803586669
2022-07-06,444240.41640000517,844931.7651000036,1088153.3483000074,826047.2748000075,1018683.9664000062,1014711.4968549818
2022-07-07,444175.8164000052,839421.8651000037,1088974.9483000073,829884.6748000075,1020073.5290000063,990179.2818078
2022-07-12,442988.0164000052,839028.7651000036,1089274.0483000071,832085.4748000075,1019163.9374000062,988912.3696124082
2022-07-13,444135.21640000516,837970.4651000036,1087516.0483000071,833402.2748000075,1016130.5374000063,1010136.3315134085
2022-07-14,445729.6164000052,841171.9651000036,1087508.6483000072,836877.4748000075,1022443.0374000062,1008577.3283655468
2022-07-17,444552.8164000052,841386.9651000036,1088327.4483000073,834009.2748000075,1017784.7374000063,1015003.6524293438
2022-07-18,437247.8164000052,833992.8651000037,1081369.3483000074,821367.8748000076,1004089.2374000063,1042244.3648417616
2022-07-19,433183.01640000514,828208.9651000036,1067482.948300007,816457.9748000075,1003510.2374000063,1040179.1137908804
2022-07-20,432782.6164000052,827798.1651000036,1066536.6483000072,816523.1748000075,997935.4374000063,1023924.769261072
2022-07-21,434399.4164000051,829278.2651000036,1068214.0483000074,819821.8748000076,996463.2374000063,1026648.452770961
2022-07-24,431153.4164000051,825219.2651000036,1066224.9483000073,814443.5748000075,997009.8374000061,1018248.4468774444
2022-07-25,432385.81640000513,825687.9651000036,1066696.0483000074,810812.7748000075,997532.3374000062,1028896.6483984885
2022-07-26,434879.01640000514,827719.6651000036,1068648.6483000072,816993.9748000075,1001549.5374000063,1024613.9617407379
2022-07-27,430315.81640000513,823889.6651000036,1064920.8483000072,812601.1748000075,997259.0374000061,1026925.357578778
2022-07-28,426098.81640000513,817940.6651000036,1056314.0483000071,809166.6748000075,986180.8374000062,1038402.0763789407
2022-07-31,434341.41640000517,833838.4651000036,1065653.3483000072,820857.5748000075,1000675.9374000061,1036866.8540873864
2022-08-01,433907.07800000516,833004.6312000036,1064587.698600007,820036.7188000075,999675.2663000063,1031430.4081673799
2022-08-02,434570.4099000052,836577.4692000035,1062004.4795000073,820501.4085000077,1011902.7044000066,1025060.9513686659
2022-08-03,436027.95310000534,840381.4609000036,1066094.679500007,831411.0035000077,1027297.3621000065,1018161.0780792721
2022-08-04,436811.1448000053,845292.6609000035,1065124.6795000073,826510.8864000076,1028714.1756000066,1013442.322893365
2022-08-07,436374.33560000535,844447.3704000035,1064059.5599000072,825684.3903000078,1027685.4723000065,1035216.152474579
2022-08-08,436374.33560000535,844447.3704000035,1064059.5599000072,825684.3903000078,1027685.4723000065,1028081.0554977979
2022-08-10,434328.4024000054,838281.8764000037,1060768.1650000075,823743.9313000077,1010825.9198000068,1053042.8122620299
2022-08-11,433077.6192000054,820470.4681000035,1059665.3650000074,822768.5582000077,1008287.0244000065,1054623.9807188953
2022-08-14,433426.6192000054,821303.8681000037,1060407.9650000075,818467.3619000077,1006524.2542000066,1059985.982219157
2022-08-16,433354.2192000054,821748.3681000037,1061318.2650000073,827487.4619000077,1012639.5303000067,1055432.9175646955
2022-08-17,433762.7192000054,821973.6681000035,1060795.7650000076,828047.2619000077,1017761.8552000066,1058435.5091610579
2022-08-21,434656.4192000055,821857.4681000035,1062049.5650000074,827867.3619000078,1010938.6863000066,1050875.264755892
2022-08-22,433960.6192000054,822209.1681000036,1061499.2650000076,829083.6619000077,1015909.9863000066,1065302.6191511373
2022-08-23,434839.3192000054,822554.9681000035,1063394.0650000074,826916.3619000077,1020776.1863000067,1076288.663924286
2022-08-24,433062.7192000054,819638.4681000035,1062180.7650000073,818872.6619000077,1016809.2863000067,1086727.3612710144
2022-08-25,433830.8192000054,820673.3681000036,1062389.9650000075,823043.2619000077,1021546.7863000066,1085181.2178796884
2022-08-28,434567.01920000545,823972.7681000036,1067094.9650000073,824560.8619000077,1023248.9863000067,1071872.9207906204
2022-08-29,435213.8192000054,828288.2681000036,1065289.5650000074,830071.3619000077,1024005.8863000068,1085647.7879409345
2022-08-30,435130.8192000054,823041.5681000036,1069019.0650000074,836369.0619000078,1027973.1863000066,1082812.954776566
2022-08-31,435777.6192000054,823252.8681000036,1070950.8650000074,839208.2619000077,1038671.3863000065,1085348.9763116823
2022-09-01,439277.6192000054,829533.5681000036,1073777.3650000077,849415.0619000078,1045931.6863000066,1086310.8085542843
2022-09-04,439262.8192000054,827661.3681000037,1072077.0650000076,850899.0619000078,1034682.4863000066,1084387.531800433
2022-09-05,436815.9192000055,825562.7681000036,1068198.2650000073,846381.0619000078,1029049.3863000066,1102092.1208336328
2022-09-06,435962.7192000054,823189.4681000035,1069227.0650000076,836677.5619000078,1030849.1863000066,1102990.7528657224
2022-09-07,437162.7192000054,824513.3681000037,1065206.1650000075,848368.7619000077,1046178.6863000066,1117031.9268335428
2022-09-08,436725.5571000055,823688.8562000036,1064140.9605000073,847520.3959000077,1045132.5197000066,1122040.8989370475
2022-09-11,436725.5571000055,823688.8562000036,1064140.9605000073,847520.3959000077,1045132.5197000066,1129967.420226859
2022-09-12,436876.17690000567,822597.5058000038,1060264.9829000076,850335.9281000079,1037631.6365000069,1124286.768176458
2022-09-13,437701.4119000057,821753.2919000037,1061466.4829000076,842690.0027000079,1035272.1267000069,1124906.1043907215
2022-09-14,435400.8119000057,819673.7919000037,1060033.5829000073,841206.3685000079,1022074.504300007,1115234.921256932
2022-09-15,435102.0119000057,818939.6919000037,1061346.1829000073,837266.8685000079,1026112.604300007,1093956.0953695052
2022-09-18,436700.1119000057,819716.3919000037,1059066.4829000076,832494.168500008,1018632.4043000069,1088860.1421991813
2022-09-19,436999.8119000057,819732.5919000037,1056668.4829000076,837284.3685000079,1028889.2043000071,1090833.436297548
2022-09-20,435198.7119000057,818463.7919000038,1057164.9829000076,843452.9685000079,1026145.604300007,1101505.4832967918
2022-09-21,434699.8119000057,817182.1919000037,1056565.9829000076,842435.068500008,1021466.404300007,1068141.7819822791
2022-09-22,433899.4119000057,816493.4919000036,1057863.9829000076,847760.9685000079,1016982.304300007,1062040.3121702669
2022-09-25,433699.5119000057,815815.3919000037,1058766.9829000076,842943.568500008,1005088.404300007,1051845.6917101487
2022-09-26,433899.1119000057,816347.7919000037,1057865.9829000076,841852.7685000079,1007496.2043000069,1042566.9573273213
2022-09-27,433699.2119000057,815680.0919000036,1056666.4829000076,838649.3685000079,1000836.1043000069,1047397.2498990607
2022-09-28,435398.7119000057,817435.2919000036,1055764.9829000076,833867.668500008,1004766.0043000069,1036214.6899519162
2022-09-29,437498.4119000057,819302.2919000037,1056264.9829000076,836681.8685000079,1001713.4043000069,1030486.15307944
2022-10-02,437198.4119000057,819248.1919000037,1058064.4829000076,833579.4685000079,1000198.804300007,1044911.1164646759
2022-10-03,434298.6119000057,816025.1919000037,1059764.9829000076,826844.168500008,997735.0043000071,1051304.7418510502
2022-10-04,434098.4119000057,816101.9919000036,1059763.9829000076,827621.568500008,999391.1043000069,1063784.6509047842
2022-10-06,433498.8119000057,815102.6919000036,1058064.4829000076,825993.7685000079,1000478.5043000069,1071382.2467636066
2022-10-10,433198.4119000057,814100.3919000038,1056364.4829000076,821220.4685000079,989824.5043000068,1029151.7756286548
2022-10-11,433298.4119000057,814000.4919000037,1055564.4829000076,819110.2685000079,984971.4043000068,1030148.3098273354
2022-10-12,432800.3119000057,813289.0919000037,1055963.9829000076,821628.668500008,987889.6043000069,1024415.4432880859
2022-10-13,433098.5119000057,812878.1919000037,1056166.4829000076,820175.668500008,990894.8043000071,1019803.1849804248
2022-10-16,433998.4119000057,813922.3919000038,1055565.9829000076,820042.068500008,984616.104300007,1026329.8022208218
2022-10-17,432998.4119000057,812688.6919000038,1054065.9829000076,820306.068500008,980801.5043000068,1015958.8932389474
2022-10-18,433398.4119000057,812877.5919000037,1054065.9829000076,819616.8685000079,986604.204300007,998672.8602011343
2022-10-19,432998.8119000057,812499.8919000037,1054265.9829000076,817405.4685000079,989167.4043000068,995129.3187456735
2022-10-20,432998.61190000566,812599.7919000037,1054265.9829000076,818146.8685000079,989561.504300007,979040.4062597418
2022-10-23,432898.4119000057,812377.5919000037,1053865.4829000076,815654.8685000079,984969.2043000069,968135.1388517672
2022-10-24,432598.4119000057,812377.6919000037,1053863.9829000076,815160.4685000079,973194.1043000069,963972.1965601508
2022-10-25,432165.8189000057,811565.3159000038,1052810.1192000073,814345.3213000079,972220.922000007,982128.3633756201
2022-10-26,431467.38600000576,810897.1619000037,1051357.1685000074,814727.894600008,970763.6840000071,966970.4584897398
2022-10-27,430605.32180000586,810775.8619000036,1051957.1685000074,814456.0608000079,967766.1194000072,950423.9583855694
2022-10-30,430505.32180000586,811244.5619000037,1051256.8685000075,814719.026400008,961844.5018000071,975747.6623676737
2022-10-31,430605.32180000586,810797.3619000037,1051257.3685000073,813761.3264000079,957881.142100007,1003058.1664236023
2022-11-01,430405.32180000586,810775.9619000036,1051356.4685000074,814693.026400008,963508.3190000071,1001653.6095979536
2022-11-02,430305.52180000587,812265.8619000036,1051556.0685000075,816112.9264000079,974098.1130000071,990174.9521410267
2022-11-03,430205.32180000586,813044.3619000037,1052255.4685000074,817902.4264000079,969661.1130000071,969325.538726866
2022-11-06,430405.52180000587,811197.0619000037,1052356.2685000075,817172.3264000079,974110.3130000071,966218.4535309143
2022-11-07,430805.32180000586,811703.7619000037,1051556.0685000075,816475.8264000079,971258.5130000071,967419.7745057846
2022-11-08,430305.32180000586,812254.7619000038,1052155.3685000073,815453.726400008,972449.113000007,966482.1108508429
2022-11-09,429805.62180000584,811354.5619000037,1051453.9685000074,815632.9264000079,964527.6130000071,993873.3922719455
2022-11-10,430105.52180000587,811454.5619000037,1051254.7685000075,815649.3264000079,964100.613000007,980510.1019526668
2022-11-13,433005.32180000586,814339.6619000037,992054.8685000075,814901.726400008,957556.3130000071,998740.3900784199
2022-11-14,432572.3238000058,813525.3228000037,991062.8213000076,814086.8321000081,956598.765800007,1009922.9500255644
2022-11-15,432137.78620000585,814032.8110000036,990072.5522000077,812014.3636000082,955643.3312000071,1006614.6322574909
2022-11-16,431774.18140000594,813732.7110000036,990071.5522000077,813122.2457000082,954910.6503000071,1003629.5531938984
2022-11-17,430977.88140000595,813512.2110000036,990085.1522000077,812649.3044000082,958894.3263000071,1028410.3040382479
2022-11-20,430377.58140000596,812213.1110000036,990073.8522000078,811975.5044000081,955302.0091000071,1042209.27515433
2022-11-21,429579.2814000059,811412.1110000036,990072.3522000078,811062.0044000081,955348.8969000072,1053363.4014689333
2022-11-22,428583.08140000596,810852.5110000037,990075.0522000077,811902.5044000081,956449.8969000072,1053441.7878240983
2022-11-23,429679.58140000596,812672.1110000036,990070.5522000077,811680.1044000082,955347.9969000071,1059866.1732311307
2022-11-24,429679.58140000596,812052.4110000037,990070.5522000077,811673.7044000081,954451.2969000072,1087278.9737423158
2022-11-27,430378.4814000059,815192.6110000036,990070.3522000078,812099.5044000081,954551.2969000072,1083015.7382740993
2022-11-28,430377.38140000595,815233.3110000036,990070.5522000077,811444.8044000082,954451.2969000072,1080377.0971742657
2022-11-29,429978.9814000059,811872.6110000036,990078.6522000077,811443.3044000082,957349.8969000072,1063653.9208169861
2022-11-30,431279.38140000595,813493.6110000036,990096.7522000078,812255.1044000081,963847.4969000071,1058806.438821938
2022-12-01,433681.88140000595,815314.8110000036,990097.7522000078,813109.8044000082,963391.0969000071,1072106.2058212433
2022-12-04,433687.08140000596,815815.8110000036,990077.9522000077,813036.6044000081,961263.8969000072,1086127.540868177
2022-12-05,433584.7814000059,815896.2110000036,990074.1522000077,813344.8044000082,963095.2969000072,1097172.7146726334
2022-12-06,434189.9814000059,816296.7110000036,990075.6522000077,813651.4044000081,959295.4969000071,1075769.4916428383
2022-12-07,435189.2814000059,817016.8110000036,990081.6522000077,814050.2044000081,960251.2969000072,1115520.5500201879
2022-12-08,433087.18140000594,815558.0110000037,990079.6522000077,814746.0044000081,959374.0969000071,1116595.4705740337
2022-12-11,433188.38140000595,815759.0110000037,990082.5522000077,815344.9044000081,959967.0969000071,1109608.939327281
2022-12-12,427889.38140000595,810319.3110000036,990091.0522000077,816255.3044000082,961939.1969000071,1111469.1451144041
2022-12-13,427986.88140000595,810218.8110000036,990086.1522000077,816791.1044000081,959698.1969000071,1110175.673321343
2022-12-14,427985.2814000059,810259.0110000037,990080.4522000077,815831.1044000081,956947.9969000071,1109927.2667679593
2022-12-15,428086.88140000595,810158.5110000037,990083.0522000077,815209.9044000081,957783.9969000071,1116523.740273759
2022-12-18,428086.08140000596,810178.6110000036,990080.0522000077,815308.4044000081,956692.9969000071,1115021.2812815192
2022-12-19,428184.88140000595,810138.4110000036,990079.0522000077,814982.7044000081,956651.9969000071,1128183.726760029
2022-12-20,427883.68140000594,810138.4110000036,990076.3522000078,814868.3044000082,955747.9969000071,1131358.6003208347
2022-12-21,427678.2814000059,808852.0110000037,990074.7522000078,810809.4044000081,955656.9969000071,1136419.9161569723
2022-12-22,427079.7814000059,808852.0110000037,990071.1522000077,810895.2044000081,955410.9969000071,1119957.1014031223
2022-12-26,427177.38140000595,808852.0110000037,990071.0522000077,810780.8044000082,954587.7969000072,1120058.6870175654
2022-12-27,427177.2814000059,808852.0110000037,990071.0522000077,810537.7044000081,954677.7969000072,1144451.2541558337
2022-12-28,427380.9814000059,808852.0110000037,990072.9522000077,811467.2044000081,955067.7969000072,1138007.4175592675
2022-12-29,427383.18140000594,808852.1110000036,990072.0522000077,811352.8044000082,955642.2969000072,1139161.047577739
